{
    "events": [
        {
            "title": "Project Meeting with Team",
            "start_time": "2024-03-05T10:00:00Z",
            "importance": 1.0
        },
        {
            "title": "Doctor's Appointment",
            "start_time": "2024-03-05T15:30:00Z",
            "importance": 0.9
        },
        {
            "title": "Group Study Session",
            "start_time": "2024-03-05T17:15:00Z",
            "importance": 0.8
        },
        {
            "title": "Dinner with Friends",
            "start_time": "2024-03-05T19:30:00Z",
            "importance": 0.7
        }
    ]
}


  