{
    "notes": [
        {
            "title": "Complete Machine Learning Assignment",
            "duration": 1
            
        },
        {
            "title": "Revise Calculus Chapter 3",
            "duration": 1.5
           
        },
        {
            "title": "Prepare Presentation for Seminar",
            "duration": 0.75
            
        },
        {
            "title": "Read Research Paper on Neural Networks",
            "duration": 1.5
            
        },
        {
            "title": "Write Report on Climate Change",
            "duration": 2
            
        }
    ]
}

  